# from run-0021-console.txt; duty is the COMMANDED duty, which the run log does not carry
elapsed_s,state,temp_c,target_c,duty,relay,cold_c,cpu_c
0.00,precharge,24.8125,25.00,0.000,0,24.94,32.58
0.99,precharge,24.8125,25.00,1.000,1,24.94,32.15
2.90,running,24.8125,25.14,0.831,0,24.94,32.80
3.91,running,24.8125,25.27,0.680,0,24.94,32.15
4.93,running,24.7500,25.39,0.614,0,24.88,32.79
5.91,running,24.7500,25.51,0.946,1,24.94,33.01
6.90,running,24.8125,25.63,0.672,1,24.88,32.37
7.91,running,24.7500,25.76,0.657,1,24.88,32.37
8.90,running,24.8125,25.88,0.599,1,24.88,32.58
9.91,running,24.8750,26.00,0.547,1,24.88,32.16
10.90,running,24.8750,26.12,0.554,1,24.88,32.58
11.91,running,25.0000,26.25,0.887,1,24.88,32.79
12.91,running,25.0625,26.37,0.848,0,24.88,32.58
13.91,running,25.2500,26.49,0.833,1,24.88,32.37
14.90,running,25.4375,26.61,0.770,1,24.94,32.16
15.97,running,25.5625,26.74,0.672,1,24.94,32.80
16.91,running,25.8125,26.86,0.659,1,24.94,32.15
17.90,running,26.0000,27.08,0.604,1,24.88,33.01
18.90,running,26.3750,27.35,0.545,1,24.88,32.80
19.91,running,26.8125,27.63,0.427,1,24.88,32.58
20.91,running,27.1875,27.90,0.310,1,24.88,32.15
21.90,running,27.6875,28.17,0.363,0,24.94,32.79
22.92,running,28.1250,28.45,0.579,1,24.94,32.37
23.91,running,28.5625,28.71,0.400,1,24.94,32.58
24.91,running,29.0625,28.99,0.236,0,24.94,32.58
25.90,running,29.6250,29.26,0.183,0,24.94,32.37
26.92,running,30.4375,29.53,0.136,1,24.94,32.80
27.91,running,31.0000,29.89,0.057,0,24.94,32.79
28.91,running,31.6250,30.38,0.263,0,24.94,32.80
29.92,running,32.1250,30.87,0.302,0,24.94,32.80
30.92,running,32.5625,31.37,0.259,1,24.88,31.94
31.91,running,33.3125,31.86,0.194,0,24.94,32.80
32.91,running,33.9375,32.35,0.209,0,24.94,32.16
33.94,running,34.5625,32.85,0.257,0,24.94,32.37
34.91,running,35.4375,33.53,0.149,1,24.88,32.36
35.95,running,35.7500,34.34,0.398,0,24.94,32.15
36.96,running,36.6250,35.12,0.371,0,24.94,32.36
37.98,running,37.1875,35.91,0.312,0,24.94,32.58
38.91,running,37.6875,36.64,0.670,1,24.88,32.59
39.91,running,38.3750,37.42,0.653,1,24.94,32.58
40.90,running,38.8750,38.29,0.848,0,24.88,32.15
41.91,running,39.6250,39.37,0.832,0,24.94,32.59
42.91,running,40.7500,40.43,0.733,1,24.94,32.15
43.91,running,41.0625,41.50,0.970,1,24.94,32.37
44.92,running,41.8125,42.57,0.876,1,24.94,32.58
45.91,running,42.6250,43.62,0.933,1,24.94,33.01
46.90,running,43.4375,44.68,0.998,1,24.94,33.01
47.91,running,44.3750,45.76,1.000,1,24.94,32.58
48.92,running,45.9375,46.97,0.668,1,24.94,32.80
49.90,running,47.0625,48.22,0.551,1,24.94,32.79
50.91,running,48.2500,49.51,0.557,1,24.94,32.58
51.91,running,49.4375,50.77,0.655,1,24.94,32.58
52.91,running,50.8125,52.04,0.554,1,25.00,32.37
53.91,running,52.1250,53.32,0.735,0,24.94,32.37
54.91,running,53.2500,54.60,0.898,1,24.94,32.15
55.91,running,54.5625,55.87,0.820,1,25.00,32.37
56.91,running,55.7500,57.13,0.901,1,25.00,31.94
57.90,running,56.8750,58.40,0.936,1,25.00,32.15
58.91,running,58.2500,59.73,0.847,1,25.00,33.01
59.92,running,59.8750,61.18,0.721,1,25.00,33.01
60.91,running,61.7500,62.60,0.347,1,25.00,32.80
61.90,running,63.1875,64.03,0.352,1,25.00,31.94
62.93,running,64.7500,65.49,0.197,1,25.06,33.22
64.04,running,66.1875,67.09,0.308,1,25.00,32.37
64.95,running,67.8750,68.40,0.235,0,25.06,32.58
65.97,running,69.3750,69.85,0.385,0,25.00,32.15
66.90,running,70.8750,71.19,0.414,0,25.06,32.58
67.91,running,72.3125,72.64,0.678,1,25.06,32.79
68.92,running,73.5625,74.08,0.793,0,25.06,32.79
69.92,running,75.0000,75.51,0.841,0,25.06,32.37
70.91,running,76.0625,76.94,0.889,0,25.06,32.80
71.91,running,77.0000,78.36,1.000,1,25.06,32.15
72.90,running,78.3750,79.77,1.000,1,25.13,31.73
73.90,running,79.3750,81.19,1.000,1,25.06,32.80
74.92,running,80.5625,82.63,1.000,1,25.06,32.59
75.91,running,81.8750,84.04,1.000,1,25.06,32.80
76.91,running,83.1875,85.46,1.000,1,25.13,31.94
77.91,running,84.5625,86.87,0.963,1,25.13,32.37
78.91,running,85.9375,88.28,0.970,1,25.13,32.37
79.91,running,87.3125,89.71,0.967,1,25.19,32.58
80.91,running,89.6250,91.12,0.709,1,25.19,32.79
81.91,running,91.1875,92.54,0.705,1,25.25,32.17
82.90,running,92.6250,93.95,0.597,1,25.19,31.94
83.92,running,94.2500,95.39,0.480,1,25.25,32.79
84.91,running,95.8125,96.79,0.680,1,25.25,32.15
85.92,running,97.6875,98.22,0.434,0,25.25,32.37
86.91,running,99.1250,99.63,0.556,0,25.25,33.22
87.91,running,100.3750,101.05,0.780,0,25.25,32.36
88.93,running,101.5000,102.48,0.899,1,25.31,33.01
89.96,running,103.1250,103.95,0.725,1,25.31,32.80
90.97,running,104.2500,105.38,0.932,0,25.31,32.80
91.96,running,105.3125,106.79,1.000,0,25.31,32.37
93.01,running,106.3125,108.21,1.000,1,25.38,32.58
93.92,running,107.3125,109.38,1.000,1,25.38,32.57
94.91,running,108.3750,110.65,1.000,1,25.38,33.01
95.90,running,109.5625,111.93,1.000,1,25.38,32.79
96.91,running,110.7500,113.23,1.000,1,25.44,32.37
97.92,running,112.2500,114.53,1.000,1,25.44,32.37
98.92,running,113.5625,115.81,1.000,1,25.44,32.80
99.92,running,114.8125,117.09,1.000,1,25.44,32.37
100.92,running,116.1875,118.38,1.000,1,25.50,32.79
101.90,running,117.5625,119.64,1.000,1,25.50,32.58
102.91,running,119.5000,120.94,0.683,1,25.56,32.79
103.90,running,120.9375,122.22,0.576,1,25.63,33.01
104.91,running,122.3125,123.51,0.800,1,25.56,32.80
105.91,running,123.6875,124.80,0.640,1,25.56,32.80
106.91,running,125.0625,126.04,0.583,1,25.63,32.37
107.91,running,126.5000,127.20,0.695,0,25.69,32.79
108.91,running,127.7500,128.36,0.726,1,25.69,32.80
109.91,running,129.0625,129.52,0.850,1,25.69,32.58
110.91,running,130.1250,130.68,0.906,1,25.75,32.15
111.90,running,131.2500,131.83,0.996,0,25.75,32.15
112.91,running,132.6875,133.00,0.960,1,25.81,32.37
113.90,running,133.5625,134.15,1.000,1,25.81,32.58
114.91,running,134.9375,135.33,0.938,1,25.94,32.79
115.91,running,135.9375,136.48,1.000,1,25.94,32.15
116.90,running,137.0000,137.63,0.968,1,25.94,32.80
117.91,running,138.1250,138.81,0.991,1,25.94,32.80
118.93,running,139.2500,139.99,0.838,1,26.00,32.58
119.91,running,140.4375,141.12,0.749,1,26.06,32.58
120.91,running,141.6250,142.21,0.836,1,26.06,32.16
121.92,running,142.8125,143.27,0.952,1,26.13,32.37
122.91,running,144.3750,144.31,0.455,1,26.13,32.58
123.91,running,145.7500,145.35,0.231,0,26.13,33.01
124.91,running,146.7500,146.41,0.258,0,26.19,32.37
125.91,running,147.5625,147.46,0.261,1,26.25,32.37
126.91,running,148.5000,148.50,0.272,0,26.25,32.79
127.92,running,149.1250,149.57,0.388,0,26.25,32.15
128.94,running,149.6250,150.24,0.544,0,26.31,32.58
129.96,running,150.0625,150.65,0.623,1,26.44,32.80
130.91,running,150.5000,151.03,0.658,1,26.44,32.80
131.91,running,150.9375,151.43,0.712,0,26.38,32.79
132.91,running,151.6250,151.83,0.745,0,26.50,33.44
133.91,running,152.0625,152.23,0.572,1,26.50,33.01
134.90,running,152.5000,152.63,0.575,1,26.56,32.58
135.91,running,153.1875,153.03,0.504,0,26.63,32.37
136.91,running,153.6875,153.43,0.583,0,26.63,32.58
137.91,running,154.1875,153.83,0.456,1,26.69,32.16
138.91,running,154.5000,154.23,0.522,1,26.69,32.37
139.90,running,155.1875,154.63,0.458,0,26.75,32.79
140.92,running,155.4375,155.03,0.602,0,26.75,32.15
141.91,running,155.8750,155.43,0.707,1,26.88,32.58
142.91,running,156.0625,155.83,0.690,1,26.88,32.37
143.91,running,156.5000,156.23,0.624,1,26.88,32.37
144.92,running,157.1875,156.63,0.569,0,27.00,32.16
145.91,running,157.5000,157.03,0.511,1,27.00,32.80
146.91,running,157.8750,157.43,0.541,1,27.06,32.79
147.90,running,158.4375,157.83,0.572,0,27.13,32.80
148.91,running,158.9375,158.23,0.546,0,27.19,32.58
149.91,running,159.1250,158.63,0.641,1,27.19,33.01
150.91,running,159.6250,159.03,0.511,1,27.25,33.01
151.91,running,159.9375,159.43,0.497,1,27.25,32.58
152.91,running,160.5000,159.83,0.639,0,27.25,32.58
153.91,running,160.8750,160.23,0.598,1,27.31,32.58
154.91,running,161.3750,160.63,0.507,1,27.38,32.15
155.92,running,161.8750,161.03,0.515,0,27.44,32.58
156.90,running,162.3750,161.43,0.437,0,27.50,33.00
157.92,running,162.6875,161.83,0.451,1,27.50,33.22
158.93,running,163.0625,162.24,0.481,1,27.56,32.15
159.92,running,163.5000,162.64,0.445,0,27.63,31.72
160.90,running,163.8750,163.03,0.645,0,27.63,32.58
161.90,running,164.0000,163.43,0.746,1,27.63,32.15
162.91,running,164.3125,163.83,0.681,1,27.69,32.37
163.90,running,164.6250,164.23,0.663,1,27.75,32.58
164.93,running,165.0000,164.64,0.789,0,27.75,33.01
165.91,running,165.3125,165.03,0.821,1,27.88,32.58
166.90,running,165.5625,165.43,0.763,1,27.88,32.37
167.90,running,166.0000,165.83,0.674,1,27.94,31.94
168.91,running,166.5000,166.23,0.494,0,28.00,32.37
169.92,running,166.8125,166.64,0.601,1,28.00,32.15
170.91,running,167.2500,167.03,0.554,1,28.13,32.58
171.91,running,167.6250,167.43,0.646,1,28.19,33.01
172.91,running,168.0625,167.83,0.490,1,28.13,32.58
173.90,running,168.6250,168.23,0.463,1,28.19,32.58
174.91,running,169.3125,168.63,0.396,1,28.31,32.37
175.91,running,170.1250,169.03,0.336,0,28.31,32.15
176.91,running,170.8125,169.43,0.316,0,28.38,33.22
177.91,running,171.2500,169.83,0.276,1,28.50,32.79
178.92,running,171.7500,170.23,0.249,1,28.56,32.58
179.91,running,172.0625,170.63,0.315,0,28.56,31.93
180.91,running,172.3125,171.03,0.490,0,28.63,32.37
181.91,running,172.4375,171.43,0.701,1,28.69,32.80
182.91,running,172.5000,171.83,0.848,1,28.75,32.37
183.92,running,172.7500,172.23,0.745,1,28.81,32.15
184.93,running,173.0625,172.64,0.706,0,28.88,32.37
185.95,running,173.3125,173.04,0.811,1,28.88,33.01
186.91,running,173.5625,173.43,0.730,1,28.88,32.58
187.91,running,173.9375,173.83,0.749,1,28.94,32.37
188.91,running,174.3750,174.23,0.698,1,29.00,32.37
189.93,running,175.0000,174.64,0.507,1,29.06,33.23
190.91,running,175.5625,175.03,0.348,1,29.06,33.01
191.90,running,176.3750,175.43,0.151,1,29.19,32.79
192.91,running,177.0625,175.83,0.159,0,29.19,31.94
193.90,running,177.5000,176.23,0.299,0,29.19,32.79
194.91,running,177.8750,176.63,0.341,1,29.31,32.15
195.91,running,178.1250,177.03,0.485,1,29.38,33.01
196.91,running,178.5000,177.43,0.569,0,29.44,32.37
197.91,running,178.7500,177.83,0.851,0,29.44,32.15
198.91,running,178.8750,178.23,1.000,1,29.50,32.36
199.91,running,179.1250,178.63,1.000,1,29.50,32.80
200.91,running,179.5000,179.03,1.000,1,29.56,32.16
201.91,running,179.8750,179.43,1.000,1,29.63,32.58
202.90,running,180.3750,179.83,1.000,1,29.69,32.15
203.93,running,181.1250,180.45,0.904,1,29.75,32.37
204.91,running,181.8125,181.19,0.778,1,29.81,32.16
205.91,running,182.4375,181.95,0.704,1,29.88,32.80
206.91,running,183.1250,182.70,0.687,1,29.88,32.80
207.91,running,183.8750,183.45,0.678,1,29.94,33.01
208.91,running,184.6250,184.21,0.682,1,30.00,33.44
209.90,running,185.3750,184.95,0.749,1,30.00,32.80
210.92,running,186.4375,185.72,0.762,1,30.06,32.37
211.93,running,187.5625,186.48,0.512,1,30.19,32.37
212.91,running,188.3125,187.22,0.548,1,30.19,32.58
213.94,running,189.2500,188.00,0.557,1,30.25,32.15
214.99,running,190.2500,188.79,0.437,1,30.31,32.58
215.91,running,190.8750,189.48,0.483,1,30.38,32.58
216.90,running,191.5000,190.23,0.550,0,30.44,32.58
217.91,running,192.1250,190.99,0.769,0,30.50,32.58
218.91,running,192.5000,191.74,0.915,0,30.50,32.79
219.91,running,192.6875,192.50,1.000,1,30.56,33.01
220.91,running,192.9375,193.25,1.000,1,30.63,32.36
221.91,running,193.5000,194.01,1.000,1,30.69,32.58
222.91,running,194.0000,194.76,1.000,1,30.75,32.79
223.91,running,194.5625,195.52,1.000,1,30.81,32.80
224.91,running,195.2500,196.27,1.000,1,30.81,32.58
225.91,running,196.1250,197.03,0.983,1,30.88,32.37
226.91,running,196.8125,197.78,0.979,1,30.94,32.80
227.90,running,197.5625,198.53,0.880,1,31.00,32.37
228.91,running,198.3125,199.29,0.954,1,31.06,32.58
229.91,running,199.1250,200.04,0.976,1,31.13,33.01
230.91,running,199.9375,200.80,0.831,1,31.19,32.79
231.93,running,200.6250,201.57,0.848,1,31.19,32.37
232.90,running,201.6875,202.30,0.682,1,31.31,32.58
233.90,running,202.4375,203.04,0.794,1,31.31,32.37
234.90,running,203.2500,203.70,0.766,0,31.38,32.36
235.93,running,204.1875,204.38,0.753,1,31.50,31.94
236.94,running,204.8750,205.05,0.798,1,31.56,33.01
237.97,running,205.5625,205.73,0.817,1,31.63,32.58
238.90,running,206.0625,206.34,0.916,0,31.63,32.37
239.91,running,206.5625,207.01,1.000,1,31.69,32.80
240.91,running,206.9375,207.66,1.000,1,31.75,32.15
241.92,running,207.4375,208.33,1.000,1,31.81,32.58
242.92,running,207.8750,208.99,1.000,1,31.81,32.15
243.91,running,208.5000,209.65,1.000,1,31.94,33.01
244.91,running,209.3125,210.31,1.000,1,32.00,33.22
245.93,running,209.8750,210.98,1.000,1,32.00,32.58
246.93,running,210.5625,211.63,0.991,1,32.13,33.22
247.91,running,211.2500,212.28,1.000,1,32.19,32.59
248.90,running,212.3750,212.94,0.844,1,32.25,32.80
249.90,running,213.1250,213.60,0.807,1,32.31,32.37
250.91,running,213.7500,214.26,0.871,1,32.31,32.58
251.91,running,214.6250,214.92,0.762,1,32.44,32.79
252.92,running,215.2500,215.59,0.824,1,32.44,32.59
253.91,running,216.0000,216.24,0.783,1,32.50,33.22
254.91,running,217.0000,216.90,0.618,1,32.56,32.59
255.91,running,217.6250,217.56,0.661,0,32.63,32.58
256.91,running,218.2500,218.22,0.716,1,32.75,32.58
257.95,running,218.6250,218.86,0.892,1,32.75,32.58
258.93,running,219.1875,219.41,0.884,1,32.81,33.02
259.96,running,220.0625,220.01,0.747,1,32.88,32.16
260.94,running,220.6875,220.57,0.782,1,32.94,33.22
261.91,running,221.3125,221.13,0.724,1,33.00,32.58
262.91,running,222.0625,221.70,0.731,1,33.06,31.94
263.90,running,222.6875,222.27,0.732,1,33.13,32.59
264.93,running,223.4375,222.86,0.699,1,33.25,32.58
265.91,running,224.3125,223.42,0.630,1,33.25,32.58
266.93,running,224.9375,224.01,0.693,0,33.31,32.80
267.92,running,225.5000,224.58,0.711,0,33.38,32.59
268.91,running,225.8750,225.15,0.820,1,33.44,32.37
269.91,running,226.1250,225.72,0.954,1,33.56,32.36
270.91,running,226.3750,226.30,1.000,1,33.63,32.80
271.90,running,226.7500,226.86,1.000,1,33.63,32.15
272.90,running,227.1875,227.44,1.000,1,33.75,32.37
273.93,running,227.8125,228.03,1.000,1,33.75,32.79
274.90,running,228.3750,228.59,0.960,1,33.88,32.37
275.94,running,229.1250,229.18,0.823,1,33.94,32.37
276.91,running,229.6875,229.74,0.834,1,34.00,32.15
277.91,running,230.3125,230.31,0.772,1,34.06,32.58
278.90,running,230.8750,230.88,0.869,1,34.13,32.79
279.91,running,231.5625,231.47,0.886,1,34.19,32.58
280.90,running,232.0625,232.03,0.858,1,34.25,32.58
281.91,running,232.6875,232.61,0.848,1,34.25,32.36
282.91,running,233.4375,233.18,0.767,1,34.31,32.58
283.93,running,234.1250,233.77,0.830,1,34.44,32.37
284.98,running,234.8750,234.37,0.757,1,34.50,32.15
285.91,running,235.3750,234.91,0.719,1,34.56,33.01
286.92,running,236.2500,235.49,0.558,1,34.63,32.80
287.91,running,236.9375,236.05,0.492,1,34.69,32.79
288.90,running,237.4375,236.59,0.617,0,34.75,33.01
289.91,running,237.8125,237.11,0.803,1,34.81,32.58
290.91,running,238.0625,237.62,1.000,1,34.88,32.58
291.92,running,238.4375,238.13,0.989,1,34.94,32.58
292.91,running,239.0625,238.64,0.965,1,35.06,32.80
293.91,running,239.5625,239.15,0.957,1,35.13,32.58
294.91,running,240.0000,239.66,0.841,1,35.13,32.37
295.91,running,240.5625,240.17,0.776,1,35.19,31.94
296.91,running,241.1875,240.69,0.762,1,35.31,32.37
297.91,running,241.7500,241.20,0.783,1,35.38,32.36
298.90,running,242.3125,241.71,0.751,1,35.38,32.37
299.91,running,243.1875,242.22,0.000,1,35.56,32.80
300.92,running,243.6875,242.74,0.000,0,35.63,32.37
301.91,running,243.9375,243.25,0.000,0,35.69,33.01
302.91,running,244.0000,243.76,0.000,0,35.81,32.80
303.92,running,243.7500,244.28,0.000,0,35.81,32.36
304.91,running,243.4375,244.78,0.367,0,35.88,32.58
305.93,running,243.1250,244.54,0.000,0,36.00,33.01
306.93,running,242.5625,243.77,0.181,0,36.00,32.59
307.91,running,242.1250,243.02,0.320,0,36.06,32.79
308.98,running,241.4375,242.19,0.143,0,36.19,32.16
309.93,running,240.8750,241.46,0.110,0,36.25,32.37
310.93,running,240.2500,240.69,0.170,0,36.31,32.79
311.91,running,239.5625,239.93,0.280,0,36.38,32.15
312.91,running,238.8750,239.16,0.303,0,36.44,33.01
313.91,running,237.9375,238.39,0.391,1,36.56,32.80
314.91,running,237.3125,237.62,0.183,0,36.63,32.37
315.90,running,236.6250,236.86,0.203,0,36.63,32.37
316.91,running,236.0000,236.08,0.137,0,36.69,32.79
317.91,running,235.3750,235.31,0.070,1,36.81,32.80
318.91,running,234.6875,234.54,0.062,0,36.88,32.58
319.91,running,234.0000,233.77,0.013,0,36.88,33.01
320.91,running,233.3750,233.00,0.063,0,36.94,32.16
321.90,running,232.8125,232.24,0.038,0,37.06,32.15
322.91,running,232.1250,231.46,0.000,0,37.06,32.15
323.91,running,231.5625,230.69,0.008,0,37.19,32.37
324.90,running,230.6250,229.92,0.000,0,37.19,32.79
325.91,running,229.9375,229.15,0.000,0,37.25,32.58
326.91,running,229.3125,228.37,0.054,0,37.38,33.01
327.91,running,228.6250,227.60,0.030,0,37.44,32.79
328.91,running,227.5625,226.84,0.183,0,37.50,32.79
329.98,running,226.9375,226.01,0.106,0,37.63,32.58
330.98,running,226.1875,225.24,0.028,0,37.63,33.22
331.95,running,225.4375,224.59,0.156,0,37.69,32.37
332.91,running,224.7500,223.95,0.168,0,37.75,32.15
333.91,running,223.9375,223.28,0.214,0,37.81,32.36
334.92,running,223.2500,222.61,0.193,0,37.88,32.36
335.91,running,222.5625,221.95,0.121,0,37.94,32.79
336.91,running,221.8125,221.29,0.093,0,37.94,32.79
337.92,running,221.1250,220.61,0.109,0,38.00,32.37
338.91,running,220.5625,219.95,0.002,1,38.13,32.80
339.91,running,219.7500,219.29,0.036,0,38.19,32.58
340.91,running,219.0625,218.61,0.059,0,38.19,32.58
341.90,running,218.4375,217.95,0.120,0,38.25,32.79
342.91,running,217.8750,217.28,0.029,0,38.31,32.58
343.91,running,217.2500,216.62,0.000,0,38.38,32.37
344.91,running,216.2500,215.95,0.145,0,38.38,32.15
345.91,running,215.6875,215.28,0.110,0,38.50,32.58
346.91,running,215.0625,214.62,0.158,0,38.50,32.37
347.91,running,214.3125,213.95,0.146,0,38.63,32.79
348.91,running,213.7500,213.28,0.163,0,38.63,33.00
349.91,running,213.0625,212.62,0.131,0,38.69,32.15
350.91,running,212.5000,211.95,0.114,0,38.75,32.37
351.90,running,211.8750,211.39,0.057,0,38.81,32.58
352.90,running,211.3125,210.82,0.056,0,38.88,32.58
353.91,running,210.5000,210.24,0.207,0,38.94,32.58
354.92,running,209.9375,209.66,0.157,0,38.94,32.80
355.91,running,209.3750,209.09,0.160,0,39.06,32.79
356.93,running,208.8750,208.51,0.104,0,39.13,33.01
357.91,running,208.2500,207.95,0.031,0,39.19,32.80
358.91,running,207.6250,207.38,0.009,0,39.25,33.22
359.92,running,206.8750,206.80,0.124,0,39.31,32.58
360.92,running,206.1250,206.23,0.102,0,39.31,32.37
361.93,running,205.5000,205.65,0.165,0,39.31,32.37
362.94,running,204.8125,205.08,0.330,1,39.38,33.01
363.91,running,204.3125,204.52,0.212,1,39.50,32.58
364.93,running,203.7500,203.93,0.067,0,39.50,32.79
365.97,running,203.2500,203.34,0.152,0,39.56,32.58
366.94,running,202.6875,202.79,0.285,1,39.56,32.58
367.90,running,202.2500,202.24,0.039,1,39.63,33.01
368.90,running,201.6875,201.66,0.025,0,39.69,32.37
369.90,running,201.1875,201.09,0.019,0,39.69,32.79
370.91,running,200.6875,200.52,0.098,0,39.69,32.15
371.91,running,200.2500,199.94,0.083,0,39.75,32.37
372.90,running,199.8750,199.42,0.000,0,39.81,32.15
373.91,running,199.3750,198.92,0.000,0,39.88,32.15
374.91,running,198.8750,198.43,0.000,0,39.88,32.37
375.91,running,198.3750,197.94,0.000,0,39.88,32.80
376.90,running,197.8125,197.45,0.056,0,39.94,32.79
377.90,running,197.1875,196.96,0.140,0,39.94,32.37
378.91,running,196.7500,196.46,0.080,0,40.00,32.58
379.91,running,196.3750,195.97,0.064,0,40.06,32.79
380.91,running,195.9375,195.47,0.013,0,40.13,33.01
381.93,running,195.5000,194.97,0.000,0,40.13,32.59
382.91,running,195.0625,194.49,0.000,0,40.19,32.79
383.93,running,194.5000,193.99,0.000,0,40.25,32.58
384.91,running,194.0000,193.50,0.000,0,40.25,32.79
385.90,running,193.6250,193.02,0.000,0,40.31,32.58
386.91,running,193.1250,192.52,0.000,0,40.31,32.79
387.90,running,192.7500,192.03,0.000,0,40.38,33.01
388.90,running,192.2500,191.54,0.000,0,40.44,33.01
389.91,running,191.8125,191.04,0.000,0,40.50,32.79
390.90,running,191.3125,190.55,0.000,0,40.50,33.22
391.91,running,190.8750,190.06,0.000,0,40.56,32.37
392.91,running,190.2500,189.57,0.000,0,40.63,33.01
393.90,running,189.8750,189.08,0.000,0,40.69,33.01
394.92,running,189.3750,188.58,0.000,0,40.69,32.58
395.93,running,188.9375,188.08,0.000,0,40.69,32.80
396.93,running,188.4375,187.58,0.000,0,40.69,33.23
397.94,running,187.9375,187.09,0.000,0,40.75,32.80
398.91,running,187.5000,186.61,0.000,0,40.81,32.58
399.90,running,187.0625,186.16,0.000,0,40.81,32.58
400.93,running,186.6250,185.73,0.000,0,40.81,32.58
401.91,running,186.1875,185.32,0.000,0,40.81,32.15
402.93,running,185.7500,184.89,0.000,0,40.88,32.79
403.92,running,185.1875,184.48,0.000,0,40.88,32.37
404.91,running,184.8125,184.06,0.000,0,40.94,32.37
405.91,running,184.3125,183.64,0.000,0,40.94,32.80
406.90,running,183.8750,183.23,0.000,0,40.94,32.37
407.92,running,183.2500,182.81,0.036,0,41.00,32.79
408.91,running,182.7500,182.39,0.056,0,40.94,32.79
409.92,running,182.3750,181.97,0.000,0,41.00,32.79
410.90,running,181.9375,181.56,0.000,0,41.06,32.58
411.91,running,181.5000,181.13,0.010,0,41.06,32.80
412.91,running,181.0000,180.71,0.010,0,41.06,32.37
413.91,running,180.6250,180.30,0.006,0,41.13,32.37
414.93,running,180.1875,179.87,0.023,0,41.13,32.37
415.91,running,179.8125,179.46,0.000,0,41.19,32.15
416.92,running,179.3125,179.04,0.000,0,41.19,32.58
417.91,running,178.9375,178.62,0.000,0,41.25,32.15
418.93,running,178.5000,178.20,0.000,0,41.25,32.36
419.91,running,178.0000,177.78,0.007,0,41.25,32.16
420.94,running,177.6250,177.35,0.000,0,41.25,32.80
421.96,running,177.2500,176.93,0.000,0,41.31,32.36
422.93,running,176.7500,176.52,0.000,0,41.31,32.37
423.91,running,176.2500,176.11,0.024,0,41.31,32.36
424.91,running,175.9375,175.69,0.061,0,41.31,32.80
425.91,running,175.4375,175.27,0.099,0,41.38,32.79
426.92,running,174.8750,174.85,0.184,0,41.38,32.36
427.92,running,174.5000,174.48,0.185,0,41.38,32.58
428.91,running,174.0625,174.12,0.137,0,41.38,32.58
429.91,running,173.6875,173.76,0.013,0,41.44,32.58
430.90,running,173.2500,173.40,0.079,0,41.44,32.37
431.92,running,172.7500,173.03,0.160,0,41.44,32.79
432.92,running,172.3750,172.67,0.153,0,41.44,32.79
433.91,running,171.9375,172.31,0.106,0,41.44,32.58
434.91,running,171.5625,171.95,0.135,0,41.44,32.80
435.91,running,171.1250,171.58,0.189,0,41.44,32.58
436.91,running,170.7500,171.22,0.118,0,41.50,32.58
437.91,running,170.3750,170.86,0.119,0,41.50,33.01
438.91,running,170.0000,170.50,0.097,0,41.50,32.80
439.92,running,169.6250,170.13,0.108,0,41.50,32.80
440.91,running,169.2500,169.77,0.121,0,41.56,32.59
441.91,running,168.8750,169.41,0.102,0,41.63,32.58
