# duty is the COMMANDED duty, which the run log does not carry;
# it is the input signal the plant identification needs.
elapsed_s,state,temp_c,target_c,duty,relay,cold_c,cpu_c
0.00,running,34.1250,25.00,0.000,0,30.00,35.35
1.06,running,34.0625,34.95,0.990,0,30.00,34.29
2.00,running,34.0000,35.68,1.000,0,29.94,34.29
3.01,running,34.0625,36.46,1.000,0,30.00,34.07
4.01,running,34.0625,37.24,1.000,1,30.00,34.50
5.01,running,34.0625,38.07,1.000,1,30.00,34.29
6.01,running,34.0000,39.13,1.000,1,29.94,34.29
7.01,running,34.0000,40.19,1.000,1,29.94,33.86
8.02,running,34.0625,41.26,1.000,1,30.00,33.86
9.01,running,34.0000,42.32,1.000,1,29.94,34.07
10.00,running,34.0625,43.38,1.000,1,29.94,33.87
11.01,running,34.1250,44.46,1.000,1,29.94,34.29
12.01,running,34.1875,45.52,1.000,1,29.88,34.29
13.00,running,34.3125,46.67,1.000,1,29.88,34.07
14.00,running,34.5625,47.94,1.000,1,29.88,33.86
15.00,running,34.8125,49.21,1.000,1,29.88,34.29
16.01,running,35.1250,50.49,1.000,1,29.94,34.29
17.01,running,35.4375,51.76,1.000,1,29.94,34.29
18.01,running,35.8750,53.04,1.000,1,29.88,34.50
19.01,running,36.4375,54.31,1.000,1,29.94,34.29
20.00,running,36.8125,55.57,1.000,1,29.88,34.29
21.02,running,37.3750,56.86,1.000,1,29.88,34.71
22.07,running,38.0625,58.20,1.000,1,29.94,34.07
23.06,running,38.7500,59.49,1.000,1,29.94,34.07
24.11,running,39.7500,61.00,1.000,1,29.88,33.86
25.01,running,40.3750,62.28,1.000,1,29.88,34.07
26.01,running,41.2500,63.71,1.000,1,29.88,34.07
27.00,running,42.2500,65.14,1.000,1,29.88,34.71
28.00,running,43.7500,66.57,1.000,1,29.88,34.07
29.00,running,44.8125,68.01,1.000,1,29.88,33.86
30.01,running,45.9375,69.44,1.000,1,29.81,34.07
31.00,running,47.1875,70.87,1.000,1,29.88,34.50
32.01,running,48.3125,72.31,1.000,1,29.81,34.71
33.01,running,49.6875,73.74,1.000,1,29.88,33.86
34.01,running,51.3750,75.17,1.000,1,29.88,34.29
35.01,running,52.6875,76.62,1.000,1,29.81,34.50
36.01,running,54.0625,78.04,1.000,1,29.81,34.08
37.00,running,55.5625,79.45,1.000,1,29.81,34.07
38.01,running,57.0625,80.88,1.000,1,29.81,33.87
39.01,running,58.5000,82.30,1.000,1,29.81,34.50
40.03,running,60.9375,83.74,1.000,1,29.81,34.29
41.01,running,62.5625,85.14,1.000,1,29.81,34.29
42.01,running,64.1250,86.55,1.000,1,29.81,33.86
43.01,running,65.6875,87.98,1.000,1,29.75,34.71
44.01,running,67.7500,89.39,1.000,1,29.75,33.64
45.01,running,69.5000,90.81,1.000,1,29.81,34.50
46.07,running,71.1875,92.31,1.000,1,29.81,34.29
47.03,running,72.8125,93.67,1.000,1,29.81,34.08
48.08,running,74.5625,95.15,1.000,1,29.81,34.29
49.01,running,76.2500,96.48,1.000,1,29.75,34.29
50.00,running,78.0625,97.89,1.000,1,29.81,34.07
51.01,running,80.1875,99.31,1.000,1,29.81,33.86
52.00,running,81.8125,100.72,1.000,1,29.81,34.29
53.00,running,84.1250,102.14,1.000,1,29.81,34.08
54.02,running,85.8750,103.57,1.000,1,29.81,34.07
55.00,running,88.0625,104.97,1.000,1,29.81,34.07
56.01,running,89.8125,106.40,1.000,1,29.81,34.08
57.01,running,91.5000,107.80,1.000,1,29.75,34.07
58.01,running,93.3125,109.08,1.000,1,29.88,33.86
59.03,running,95.0000,110.40,1.000,1,29.81,34.29
60.01,running,96.6875,111.65,1.000,1,29.81,34.71
61.01,running,98.4375,112.94,1.000,1,29.81,34.07
62.03,running,100.5625,114.25,1.000,1,29.81,33.86
63.00,running,102.2500,115.50,1.000,1,29.81,34.08
64.02,running,103.8750,116.81,1.000,1,29.81,34.07
65.01,running,105.9375,118.09,1.000,1,29.75,34.07
66.01,running,108.0625,119.37,1.000,1,29.75,33.86
67.01,running,109.6875,120.65,1.000,1,29.75,34.08
68.01,running,111.4375,121.94,1.000,1,29.81,33.86
69.01,running,113.0625,123.22,1.000,1,29.81,34.29
70.01,running,114.6250,124.51,1.000,1,29.81,33.87
71.02,running,116.1250,125.79,1.000,1,29.75,33.86
72.02,running,117.6875,126.95,1.000,1,29.75,34.29
73.05,running,119.6875,128.15,1.000,1,29.75,33.86
74.07,running,121.3125,129.33,1.000,1,29.81,33.86
75.08,running,123.1875,130.51,1.000,1,29.81,34.93
76.00,running,124.3750,131.57,1.000,1,29.81,33.64
77.01,running,126.6250,132.74,1.000,1,29.81,34.08
78.02,running,128.1875,133.92,1.000,1,29.88,34.07
79.02,running,129.5625,135.07,1.000,1,29.81,34.07
80.01,running,131.0625,136.22,1.000,1,29.81,34.29
81.02,running,132.5625,137.39,1.000,1,29.88,34.29
82.01,running,133.9375,138.54,1.000,1,29.88,34.29
83.01,running,135.3750,139.71,1.000,1,29.88,34.72
84.00,running,137.1250,140.86,1.000,1,29.88,34.50
85.01,running,138.5625,141.98,1.000,1,29.88,33.86
86.01,running,139.8750,143.02,1.000,1,29.88,34.50
87.01,running,141.2500,144.07,1.000,1,29.88,33.86
88.02,running,142.6250,145.14,1.000,1,29.94,34.50
89.00,running,144.0000,146.16,0.953,1,29.88,34.29
90.05,running,145.9375,147.26,0.707,1,29.94,33.86
91.02,running,147.1875,148.28,0.663,1,29.94,33.64
92.01,running,148.4375,149.32,0.682,1,29.94,33.86
93.02,running,149.6250,150.15,0.281,1,29.94,33.64
94.07,running,151.1875,150.57,0.000,0,29.94,34.07
95.06,running,152.1250,150.96,0.000,0,29.94,34.29
96.06,running,152.8125,151.36,0.005,0,30.00,34.29
97.07,running,153.2500,151.77,0.106,0,29.94,34.71
98.01,running,153.6875,152.14,0.167,0,30.00,34.71
99.03,running,153.9375,152.55,0.272,0,30.00,33.85
100.01,running,154.0000,152.94,0.404,1,30.00,34.29
101.01,running,154.4375,153.34,0.406,0,30.06,34.50
102.00,running,154.6875,153.74,0.424,0,30.06,34.71
103.01,running,154.8125,154.14,0.497,0,30.06,33.85
104.01,running,154.8125,154.54,0.630,1,30.06,34.50
105.00,running,155.0625,154.94,0.668,1,30.06,33.86
106.02,running,155.3125,155.34,0.676,0,30.13,34.08
107.00,running,155.5625,155.74,0.676,0,30.19,34.29
108.01,running,155.6250,156.14,0.789,1,30.13,34.29
109.01,running,155.8125,156.54,0.847,1,30.19,34.50
110.01,running,156.1250,156.94,0.839,1,30.19,34.29
111.01,running,156.5000,157.34,0.819,0,30.25,33.86
112.03,running,156.7500,157.75,0.849,1,30.25,34.29
113.00,running,157.2500,158.14,0.798,1,30.25,34.28
114.01,running,157.6250,158.54,0.810,1,30.25,33.86
115.01,running,158.1875,158.94,0.727,0,30.31,33.86
116.01,running,158.6250,159.34,0.711,1,30.25,33.86
117.02,running,159.0000,159.74,0.738,1,30.31,34.93
118.00,running,159.5000,160.14,0.737,1,30.38,33.86
119.01,running,160.0000,160.54,0.690,0,30.38,33.86
120.01,running,160.4375,160.94,0.694,1,30.38,34.29
121.00,running,160.9375,161.34,0.675,1,30.44,33.86
122.00,running,161.4375,161.74,0.656,1,30.44,34.29
123.01,running,162.1250,162.14,0.564,0,30.50,34.28
124.08,running,162.6250,162.57,0.555,1,30.50,34.50
125.04,running,163.0625,162.95,0.553,1,30.56,33.86
126.01,running,163.5000,163.34,0.571,1,30.50,34.50
127.02,running,164.1875,163.75,0.473,0,30.50,34.50
128.01,running,164.6875,164.14,0.441,0,30.56,34.07
129.00,running,164.9375,164.54,0.506,1,30.56,33.86
130.01,running,165.3750,164.94,0.541,1,30.63,34.29
131.01,running,165.7500,165.34,0.568,0,30.63,33.86
132.01,running,166.0625,165.74,0.561,0,30.63,34.71
133.01,running,166.3750,166.14,0.618,1,30.69,34.50
134.01,running,166.6250,166.54,0.695,1,30.69,34.29
135.01,running,167.0000,166.94,0.680,0,30.69,34.29
136.01,running,167.3750,167.34,0.667,0,30.75,34.07
137.00,running,167.6250,167.74,0.702,1,30.81,34.50
138.01,running,167.8125,168.14,0.784,1,30.81,34.50
139.00,running,168.3125,168.54,0.743,1,30.88,33.86
140.01,running,168.7500,168.94,0.691,0,30.88,34.50
141.01,running,169.1250,169.34,0.688,1,30.94,33.86
142.02,running,169.4375,169.74,0.746,1,30.94,34.28
143.01,running,170.0625,170.14,0.660,1,30.94,34.08
144.00,running,170.5625,170.54,0.619,0,31.00,34.50
145.02,running,170.8125,170.95,0.649,1,31.06,33.85
146.01,running,171.2500,171.34,0.692,1,31.06,33.65
147.06,running,171.7500,171.76,0.663,1,31.13,33.65
148.04,running,172.2500,172.15,0.617,0,31.13,34.07
149.10,running,172.6875,172.58,0.597,1,31.19,34.50
150.01,running,173.1250,172.94,0.603,1,31.19,34.29
151.01,running,173.6875,173.34,0.559,0,31.25,34.07
152.01,running,174.1250,173.74,0.546,0,31.25,33.86
153.01,running,174.4375,174.14,0.609,1,31.25,34.29
154.01,running,174.8750,174.54,0.607,1,31.31,33.86
155.01,running,175.2500,174.94,0.631,0,31.31,34.28
156.01,running,175.6250,175.34,0.620,0,31.38,33.86
157.00,running,175.8750,175.74,0.685,1,31.38,34.08
158.01,running,176.0625,176.14,0.755,1,31.44,34.29
159.00,running,176.3125,176.54,0.822,1,31.44,34.29
160.01,running,176.7500,176.94,0.727,0,31.50,34.29
161.00,running,177.0625,177.34,0.785,1,31.50,34.07
162.00,running,177.3125,177.74,0.822,1,31.56,34.72
163.01,running,177.6250,178.14,0.866,1,31.56,34.07
164.01,running,178.1250,178.54,0.802,1,31.63,34.08
165.00,running,178.5625,178.94,0.779,1,31.63,34.29
166.00,running,179.0625,179.34,0.729,1,31.75,34.07
167.01,running,179.5625,179.74,0.710,1,31.69,34.93
168.00,running,180.1875,180.26,0.909,1,31.75,34.29
169.00,running,180.7500,181.01,0.947,1,31.81,34.50
170.01,running,181.3125,181.77,0.961,1,31.81,34.29
171.02,running,181.8125,182.53,1.000,1,31.88,34.08
172.01,running,182.4375,183.28,1.000,1,31.88,34.07
173.00,running,183.0625,184.03,1.000,1,31.94,34.29
174.01,running,183.8125,184.79,1.000,1,32.00,34.28
175.01,running,184.5000,185.54,1.000,1,32.00,34.71
176.01,running,185.5625,186.30,1.000,1,32.13,33.64
177.01,running,186.3125,187.05,1.000,1,32.13,34.29
178.03,running,187.1875,187.82,0.971,1,32.19,33.86
179.06,running,188.1875,188.60,0.897,1,32.25,34.50
180.08,running,189.2500,189.37,0.799,1,32.25,34.50
181.00,running,190.0625,190.06,0.769,1,32.25,34.50
182.01,running,191.0000,190.82,0.733,1,32.31,34.29
183.01,running,192.0000,191.58,0.684,1,32.44,34.29
184.02,running,192.8750,192.34,0.612,1,32.44,33.86
185.01,running,193.7500,193.08,0.629,1,32.44,34.28
186.01,running,194.8750,193.84,0.521,1,32.56,34.50
187.02,running,195.8125,194.60,0.464,1,32.56,34.28
188.00,running,196.7500,195.34,0.406,0,32.63,34.07
189.01,running,197.4375,196.10,0.494,0,32.63,34.28
190.01,running,198.1875,196.86,0.527,1,32.69,34.08
191.02,running,198.5625,197.61,0.725,1,32.75,34.50
192.00,running,199.1250,198.36,0.768,0,32.75,33.64
193.01,running,199.6875,199.12,0.846,0,32.88,34.08
194.01,running,199.8125,199.87,1.000,1,32.88,34.29
195.01,running,200.0000,200.62,1.000,1,32.94,34.29
196.01,running,200.2500,201.38,1.000,1,33.00,34.29
197.01,running,200.6875,202.14,1.000,1,33.06,34.50
198.04,running,201.1875,202.91,1.000,1,33.13,34.07
199.01,running,201.6875,203.56,1.000,1,33.13,34.50
200.01,running,202.3125,204.22,1.000,1,33.13,34.50
201.01,running,202.9375,204.88,1.000,1,33.19,34.07
202.00,running,203.6250,205.54,1.000,1,33.25,34.29
203.00,running,204.5000,206.20,1.000,1,33.31,34.08
204.02,running,205.1875,206.86,1.000,1,33.38,34.29
205.03,running,206.0000,207.53,1.000,1,33.44,34.08
206.05,running,207.1250,208.21,1.000,1,33.50,33.86
207.07,running,207.8125,208.88,1.000,1,33.50,33.43
208.03,running,208.6250,209.51,1.000,1,33.56,34.07
209.05,running,209.4375,210.18,1.000,1,33.63,34.07
210.01,running,210.2500,210.82,1.000,1,33.69,34.29
211.01,running,211.0000,211.48,1.000,1,33.75,34.29
212.01,running,211.8125,212.14,0.980,1,33.81,34.50
213.01,running,212.8125,212.80,0.911,1,33.88,34.28
214.01,running,213.6250,213.46,0.843,1,33.94,34.07
215.01,running,214.3750,214.12,0.866,1,33.94,34.29
216.02,running,215.1250,214.78,0.848,1,34.00,34.29
217.02,running,215.9375,215.44,0.828,1,34.06,34.07
218.01,running,216.9375,216.09,0.711,0,34.13,34.07
219.01,running,217.5000,216.75,0.765,1,34.13,34.07
220.02,running,218.0000,217.42,0.892,1,34.25,34.28
221.00,running,218.5000,218.07,0.974,1,34.25,34.93
222.02,running,219.3750,218.71,0.807,0,34.31,34.08
223.04,running,219.8750,219.29,0.833,1,34.38,34.29
224.00,running,220.1250,219.85,0.941,1,34.38,34.50
225.01,running,220.6250,220.42,1.000,1,34.50,34.50
226.00,running,221.1875,221.00,1.000,1,34.56,34.07
227.02,running,221.6875,221.58,0.974,1,34.56,34.50
228.01,running,222.5000,222.15,0.893,1,34.69,34.08
229.00,running,223.0625,222.72,0.895,1,34.69,34.28
230.00,running,223.6875,223.29,0.862,1,34.75,34.50
231.00,running,224.3750,223.87,0.859,1,34.81,33.87
232.01,running,225.0625,224.44,0.818,1,34.88,34.50
233.00,running,225.7500,225.01,0.790,1,34.94,34.29
234.01,running,226.6250,225.59,0.688,1,35.00,34.29
235.01,running,227.3750,226.17,0.659,1,35.13,34.29
236.04,running,228.2500,226.76,0.551,1,35.19,34.08
237.08,running,229.0625,227.35,0.491,1,35.19,34.51
238.08,running,229.8125,227.93,0.451,0,35.31,34.07
239.00,running,230.4375,228.46,0.453,0,35.38,34.29
240.01,running,230.6875,229.04,0.612,1,35.44,34.50
241.00,running,231.0000,229.61,0.737,1,35.50,34.71
242.01,running,231.1875,230.19,0.888,1,35.50,34.07
243.00,running,231.5625,230.76,0.918,0,35.56,34.50
244.01,running,231.7500,231.34,1.000,1,35.63,34.29
245.01,running,231.8750,231.91,1.000,1,35.75,34.50
246.01,running,232.0000,232.48,1.000,1,35.81,34.29
247.01,running,232.1250,233.06,1.000,1,35.81,34.07
248.00,running,232.4375,233.63,1.000,1,35.88,34.29
249.01,running,233.0000,234.21,1.000,1,36.00,34.50
250.02,running,233.3750,234.78,1.000,1,36.06,34.50
251.01,running,234.0625,235.35,1.000,1,36.13,33.64
252.01,running,234.6250,235.93,1.000,1,36.19,34.29
253.01,running,235.1875,236.48,1.000,1,36.19,34.07
254.04,running,235.8125,237.01,1.000,1,36.25,34.29
255.03,running,236.4375,237.51,1.000,1,36.38,34.29
256.06,running,237.0000,238.04,1.000,1,36.44,34.29
257.01,running,237.6250,238.53,1.000,1,36.50,34.29
258.02,running,238.2500,239.05,1.000,1,36.56,34.08
259.00,running,239.0625,239.55,1.000,1,36.63,34.50
260.04,running,239.6875,240.08,1.000,1,36.69,34.07
261.00,running,240.3125,240.57,1.000,1,36.75,34.08
262.01,running,240.9375,241.09,1.000,1,36.81,34.29
263.01,running,241.5625,241.60,1.000,1,36.88,34.29
264.00,running,242.2500,242.11,0.952,1,36.94,34.71
265.01,running,243.0000,242.62,0.877,1,37.13,34.29
266.01,running,243.8750,243.13,0.751,1,37.13,34.28
267.01,running,244.5000,243.65,0.000,1,37.19,34.93
268.01,running,245.3125,244.16,0.000,1,37.25,34.07
269.00,running,246.0000,244.66,0.000,0,37.38,33.86
270.02,running,246.3750,244.72,0.000,0,37.38,34.07
271.04,running,246.6250,243.94,0.000,0,37.44,34.07
272.03,running,246.6875,243.17,0.000,0,37.56,34.07
273.01,running,246.3750,242.41,0.000,0,37.63,34.50
274.02,running,246.1875,241.64,0.000,0,37.75,34.50
275.02,running,245.7500,240.87,0.000,0,37.75,34.72
276.02,running,245.3750,240.10,0.000,0,37.88,34.71
277.01,running,244.9375,239.33,0.000,0,37.94,33.85
278.02,running,244.3125,238.56,0.000,0,37.94,34.50
279.02,running,243.6875,237.79,0.000,0,38.06,34.28
280.05,running,243.0000,236.99,0.000,0,38.06,34.50
281.07,running,242.3125,236.20,0.000,0,38.19,34.07
282.05,running,241.5625,235.46,0.000,0,38.31,33.65
283.00,running,241.1875,234.72,0.000,0,38.31,34.71
284.01,running,240.1875,233.94,0.000,0,38.44,34.29
285.05,running,239.5625,233.14,0.000,0,38.50,34.29
286.00,running,238.8750,232.41,0.000,0,38.56,34.50
287.01,running,238.0000,231.63,0.000,0,38.63,34.29
288.01,running,237.2500,230.86,0.000,0,38.69,34.29
289.01,running,236.5625,230.09,0.000,0,38.75,34.07
290.02,running,235.8750,229.31,0.000,0,38.88,34.28
291.01,running,235.2500,228.55,0.000,0,38.94,34.08
292.02,running,234.5000,227.77,0.000,0,39.00,34.29
293.02,running,233.6250,227.00,0.000,0,39.13,34.07
294.00,running,232.9375,226.24,0.000,0,39.19,34.29
295.03,running,232.2500,225.46,0.000,0,39.25,34.50
296.01,running,231.5000,224.76,0.000,0,39.31,34.29
297.01,running,230.8750,224.10,0.000,0,39.44,33.86
298.01,running,229.8125,223.43,0.000,0,39.44,34.50
299.01,running,229.2500,222.77,0.000,0,39.56,34.07
300.01,running,228.5000,222.10,0.000,0,39.56,34.08
301.01,running,227.4375,221.43,0.000,0,39.69,34.07
302.01,running,226.7500,220.77,0.000,0,39.75,34.28
303.03,running,226.0625,220.08,0.000,0,39.81,34.50
304.01,running,225.3750,219.43,0.000,0,39.88,34.50
305.02,running,224.6875,218.76,0.000,0,39.94,34.29
306.04,running,224.0625,218.08,0.000,0,40.06,33.86
307.10,running,223.1875,217.37,0.000,0,40.06,34.08
308.01,running,222.5000,216.76,0.000,0,40.19,34.08
309.00,running,221.8750,216.10,0.000,0,40.25,34.50
310.01,running,221.2500,215.43,0.000,0,40.31,34.07
311.01,running,220.5625,214.77,0.000,0,40.38,33.64
312.01,running,219.7500,214.10,0.000,0,40.44,34.08
313.01,running,219.1875,213.43,0.000,0,40.56,34.07
314.00,running,218.5000,212.77,0.000,0,40.56,34.07
315.01,running,217.8750,212.10,0.000,0,40.63,34.29
316.00,running,217.3125,211.52,0.000,0,40.75,35.14
317.01,running,216.6875,210.94,0.000,0,40.81,34.28
318.01,running,215.8750,210.37,0.000,0,40.88,34.29
319.01,running,215.0625,209.80,0.000,0,40.94,34.28
320.01,running,214.5000,209.23,0.000,0,41.00,34.28
321.01,running,213.6875,208.65,0.000,0,41.06,34.71
322.01,running,213.0625,208.08,0.000,0,41.13,34.29
323.01,running,212.5625,207.51,0.000,0,41.25,33.64
324.01,running,212.0000,206.94,0.000,0,41.31,34.07
325.01,running,211.3750,206.37,0.000,0,41.31,34.29
326.00,running,210.6250,205.80,0.000,0,41.38,34.29
327.02,running,210.1250,205.21,0.000,0,41.50,33.86
328.01,running,209.5625,204.65,0.000,0,41.56,34.29
329.02,running,209.0000,204.07,0.000,0,41.63,34.29
330.01,running,208.5000,203.51,0.000,0,41.69,34.07
331.02,running,207.8125,202.92,0.000,0,41.81,34.50
332.03,running,207.1875,202.35,0.000,0,41.81,34.71
333.02,running,206.7500,201.78,0.000,0,41.94,34.49
334.03,running,206.1250,201.20,0.000,0,41.94,34.50
335.01,running,205.6250,200.64,0.000,0,42.00,34.71
336.01,running,204.9375,200.07,0.000,0,42.13,34.50
337.01,running,204.4375,199.53,0.000,0,42.19,34.93
338.01,running,203.7500,199.03,0.000,0,42.19,34.50
339.04,running,203.0000,198.53,0.000,0,42.25,34.08
340.03,running,202.5000,198.04,0.000,0,42.31,34.29
341.04,running,202.0000,197.54,0.000,0,42.38,34.50
342.01,running,201.5625,197.07,0.000,0,42.50,34.93
343.01,running,201.0000,196.57,0.000,0,42.50,34.50
344.01,running,200.5000,196.08,0.000,0,42.56,34.92
345.01,running,199.9375,195.58,0.000,0,42.63,34.50
346.01,running,199.3750,195.09,0.000,0,42.69,34.50
347.00,running,199.0000,194.60,0.000,0,42.81,34.50
348.02,running,198.5000,194.10,0.000,0,42.81,34.29
349.00,running,198.0000,193.62,0.000,0,42.88,34.28
350.00,running,197.3125,193.13,0.000,0,42.94,33.86
351.00,running,196.8750,192.63,0.000,0,43.00,34.71
352.01,running,196.5000,192.14,0.000,0,43.13,34.50
353.01,running,195.8750,191.64,0.000,0,43.13,34.28
354.01,running,195.4375,191.15,0.000,0,43.19,34.07
355.01,running,194.9375,190.66,0.000,0,43.31,34.50
356.02,running,194.4375,190.16,0.000,0,43.31,34.07
357.00,running,193.9375,189.68,0.000,0,43.38,34.07
358.01,running,193.2500,189.18,0.000,0,43.50,34.29
359.01,running,192.8125,188.69,0.000,0,43.50,34.50
360.00,running,192.4375,188.20,0.000,0,43.63,34.71
361.01,running,191.8750,187.71,0.000,0,43.63,34.50
362.01,running,191.4375,187.21,0.000,0,43.69,34.08
363.01,running,190.8750,186.72,0.000,0,43.75,34.07
364.01,running,190.3750,186.25,0.000,0,43.75,34.50
365.01,running,190.0000,185.83,0.000,0,43.81,34.29
366.02,running,189.5000,185.41,0.000,0,43.88,34.50
367.04,running,189.1250,184.98,0.000,0,43.94,33.86
368.00,running,188.5000,184.58,0.000,0,43.94,34.50
369.01,running,188.1250,184.16,0.000,0,44.06,34.29
370.01,running,187.6250,183.74,0.000,0,44.06,34.29
371.00,running,187.3125,183.32,0.000,0,44.19,34.93
372.00,running,186.8125,182.90,0.000,0,44.19,34.28
373.01,running,186.2500,182.48,0.000,0,44.25,34.50
374.00,running,185.8125,182.07,0.000,0,44.31,33.86
375.01,running,185.3750,181.65,0.000,0,44.31,34.07
376.01,running,185.0625,181.23,0.000,0,44.44,34.28
377.01,running,184.6875,180.81,0.000,0,44.50,34.50
378.03,running,184.0000,180.38,0.000,0,44.50,34.71
379.03,running,183.6875,179.96,0.000,0,44.63,34.72
380.00,running,183.2500,179.56,0.000,0,44.63,33.86
381.00,running,182.7500,179.14,0.000,0,44.69,34.71
382.02,running,182.3750,178.71,0.000,0,44.75,34.71
383.00,running,182.0000,178.30,0.000,0,44.81,34.07
384.01,running,181.6250,177.87,0.000,0,44.88,34.29
385.00,running,181.2500,177.46,0.000,0,44.94,34.29
386.00,running,180.8125,177.04,0.000,0,45.00,34.50
387.01,running,180.3750,176.62,0.000,0,45.00,34.71
388.01,running,179.9375,176.20,0.000,0,45.06,34.29
389.01,running,179.6250,175.78,0.000,0,45.06,34.07
390.00,running,179.2500,175.37,0.000,0,45.13,34.93
391.01,running,178.8125,174.95,0.000,0,45.25,34.50
392.01,running,178.4375,174.57,0.000,0,45.25,34.29
393.00,running,178.0625,174.20,0.000,0,45.31,34.93
394.01,running,177.6875,173.84,0.000,0,45.31,34.28
395.01,running,177.3125,173.48,0.000,0,45.38,35.14
396.03,running,176.8125,173.11,0.000,0,45.44,34.29
397.01,running,176.5000,172.75,0.000,0,45.50,34.29
398.00,running,176.1250,172.39,0.000,0,45.56,34.29
399.02,running,175.6875,172.03,0.000,0,45.63,34.93
400.01,running,175.1875,171.67,0.000,0,45.69,34.07
401.00,running,174.7500,171.31,0.000,0,45.63,34.93
402.04,running,174.5000,170.93,0.000,0,45.75,34.50
403.01,running,174.0000,170.58,0.000,0,45.75,34.50
404.04,running,173.6250,170.21,0.000,0,45.81,34.49
405.09,running,173.2500,169.82,0.000,0,45.81,34.71
406.00,running,172.8750,169.49,0.000,0,45.88,34.28
407.01,running,172.5625,169.13,0.000,0,45.94,34.71
408.00,running,172.0625,168.77,0.000,0,45.94,34.50
409.01,running,171.7500,168.41,0.000,0,46.00,34.50
410.01,running,171.3750,168.04,0.000,0,46.00,34.50
411.01,running,171.0625,167.68,0.000,0,46.06,34.29
412.02,running,170.6875,167.32,0.000,0,46.13,34.50
413.01,running,170.2500,166.96,0.000,0,46.19,34.07
414.02,running,169.9375,166.59,0.000,0,46.19,34.07
415.01,running,169.6250,166.23,0.000,0,46.25,34.29
416.01,running,169.1875,165.87,0.000,0,46.25,34.71
417.01,running,168.8750,165.50,0.000,0,46.31,34.50
418.01,running,168.5000,165.14,0.000,0,46.38,33.85
419.00,running,168.1250,164.78,0.000,0,46.38,34.50
420.01,running,167.7500,164.42,0.000,0,46.44,34.29
421.00,running,167.5625,164.06,0.000,0,46.50,34.50
422.01,running,166.9375,163.69,0.000,0,46.50,34.28
423.01,running,166.6875,163.33,0.000,0,46.56,34.50
424.01,running,166.4375,162.97,0.000,0,46.63,34.71
425.01,running,166.0625,162.61,0.000,0,46.69,34.28
426.03,running,165.5625,162.25,0.000,0,46.63,34.29
427.06,running,165.3125,161.93,0.000,0,46.69,34.28
428.04,running,165.0000,161.62,0.000,0,46.75,34.28
429.06,running,164.6875,161.30,0.000,0,46.81,34.08
430.01,running,164.2500,161.01,0.000,0,46.81,34.28
431.02,running,163.9375,160.70,0.000,0,46.81,34.29
432.00,running,163.6250,160.39,0.000,0,46.88,34.50
433.01,running,163.3750,160.08,0.000,0,46.94,34.28
434.02,running,163.0625,159.77,0.000,0,47.00,34.71
435.00,running,162.6875,159.46,0.000,0,47.00,34.07
436.01,running,162.4375,159.15,0.000,0,47.06,34.50
437.01,running,162.0625,158.84,0.000,0,47.06,34.71
438.00,running,161.8125,158.53,0.000,0,47.13,34.72
439.00,running,161.4375,158.22,0.000,0,47.13,34.71
440.01,running,161.1250,157.91,0.000,0,47.19,34.28
441.01,running,160.8125,157.60,0.000,0,47.19,34.71
442.01,running,160.5000,157.28,0.000,0,47.19,34.93
443.01,running,160.1875,156.97,0.000,0,47.25,34.93
444.01,running,159.9375,156.66,0.000,0,47.31,34.71
445.01,running,159.5625,156.35,0.000,0,47.38,34.50
446.01,running,159.2500,156.04,0.000,0,47.44,34.29
447.03,running,158.8750,155.72,0.000,0,47.44,34.08
448.02,running,158.5000,155.42,0.000,0,47.44,34.49
449.02,running,158.2500,155.11,0.000,0,47.50,34.71
450.01,running,157.8750,154.80,0.000,0,47.50,34.29
451.01,running,157.6875,154.49,0.000,0,47.56,34.28
452.01,running,157.2500,154.18,0.000,0,47.56,34.71
453.01,running,157.0000,153.87,0.000,0,47.63,34.93
454.00,running,156.7500,153.56,0.000,0,47.69,34.93
455.05,running,156.3750,153.23,0.000,0,47.63,34.71
456.03,running,156.0000,152.93,0.000,0,47.69,34.50
457.00,running,155.8125,152.63,0.000,0,47.75,34.50
458.03,running,155.4375,152.31,0.000,0,47.75,34.50
459.01,running,155.2500,152.00,0.000,0,47.81,34.07
460.02,running,154.8125,151.69,0.000,0,47.75,34.71
461.00,running,154.5625,151.38,0.000,0,47.81,34.50
462.01,running,154.2500,151.07,0.000,0,47.81,34.50
463.00,running,154.0000,150.76,0.000,0,47.88,34.28
464.02,running,153.6875,150.45,0.000,0,47.88,34.50
465.01,running,153.4375,150.14,0.000,0,47.94,34.71
