# from run-0016-console.txt; duty is the COMMANDED duty, which the run log does not carry
elapsed_s,state,temp_c,target_c,duty,relay,cold_c,cpu_c
0.00,precharge,59.3750,25.00,0.000,0,33.44,34.50
1.01,precharge,59.3750,25.00,1.000,1,33.50,33.87
2.00,precharge,59.3750,25.00,1.000,1,33.50,34.07
3.00,precharge,59.2500,25.00,1.000,1,33.44,34.08
4.00,precharge,59.1250,25.00,1.000,1,33.38,34.29
5.00,precharge,59.1250,25.00,1.000,1,33.38,34.08
6.03,precharge,59.1250,25.00,1.000,1,33.31,33.86
7.01,precharge,59.1875,25.00,1.000,1,33.31,34.07
8.01,precharge,59.2500,25.00,1.000,1,33.31,34.08
9.01,precharge,59.3750,25.00,1.000,1,33.25,34.29
10.00,precharge,59.5625,25.00,1.000,1,33.25,34.08
11.00,precharge,59.8125,25.00,1.000,1,33.25,33.65
12.00,precharge,60.1250,25.00,1.000,1,33.19,34.29
13.01,precharge,60.3750,25.00,1.000,1,33.13,33.86
14.01,precharge,61.0000,25.00,1.000,1,33.13,33.86
15.01,precharge,61.5000,25.00,1.000,1,33.13,34.29
16.02,precharge,62.0000,25.00,1.000,1,33.13,34.08
17.00,precharge,62.5000,25.00,1.000,1,33.06,34.29
18.00,precharge,63.0000,25.00,1.000,1,33.00,34.08
19.01,precharge,63.8750,25.00,1.000,1,33.00,33.86
20.01,precharge,64.6875,25.00,1.000,1,33.00,34.29
21.00,precharge,65.4375,25.00,1.000,1,32.94,33.86
22.02,precharge,66.3125,25.00,1.000,1,32.94,34.29
23.01,precharge,67.1875,25.00,1.000,1,32.94,34.08
24.01,precharge,68.1250,25.00,1.000,1,32.88,34.29
25.03,precharge,69.4375,25.00,1.000,1,32.88,33.87
26.00,precharge,70.4375,25.00,1.000,1,32.81,34.08
27.00,precharge,71.6250,25.00,1.000,1,32.88,34.08
28.00,precharge,72.7500,25.00,1.000,1,32.81,34.71
29.01,precharge,74.6250,25.00,1.000,1,32.81,34.08
30.01,precharge,75.9375,25.00,1.000,1,32.81,34.50
31.00,precharge,77.1875,25.00,1.000,1,32.75,34.50
32.01,precharge,78.5000,25.00,1.000,1,32.75,34.08
33.04,precharge,79.8750,25.00,1.000,1,32.75,34.29
34.56,running,82.0625,82.35,0.853,0,32.69,34.29
35.56,running,83.1250,83.78,0.301,0,32.69,33.86
36.56,running,83.9375,85.19,0.536,0,32.63,34.50
37.56,running,85.0000,86.61,0.635,1,32.69,34.51
38.56,running,85.8125,88.03,0.867,1,32.63,34.07
39.55,running,86.6875,89.44,0.985,1,32.63,34.29
40.55,running,87.7500,90.85,1.000,0,32.63,34.29
41.55,running,88.7500,92.27,1.000,1,32.56,34.29
42.57,running,89.6250,93.71,1.000,1,32.50,33.65
43.59,running,91.0000,95.16,1.000,1,32.56,34.07
44.63,running,92.0000,96.64,1.000,1,32.50,33.65
45.56,running,93.1875,97.95,1.000,1,32.50,34.08
46.56,running,94.3750,99.37,1.000,1,32.50,34.29
47.55,running,95.6250,100.77,1.000,1,32.44,34.29
48.58,running,97.6250,102.24,1.000,1,32.44,33.65
49.56,running,98.9375,103.62,1.000,1,32.38,34.50
50.56,running,100.4375,105.04,1.000,1,32.44,33.86
51.55,running,101.8750,106.44,1.000,1,32.44,33.65
52.58,running,103.3125,107.87,1.000,1,32.44,34.08
53.57,running,104.7500,109.14,1.000,1,32.38,34.08
54.56,running,106.5000,110.42,1.000,1,32.31,34.51
55.55,running,108.0625,111.69,1.000,1,32.38,34.08
56.56,running,109.5625,112.99,1.000,1,32.31,33.86
57.56,running,111.0625,114.27,1.000,1,32.31,34.29
58.57,running,112.6875,115.57,1.000,1,32.38,33.86
59.56,running,114.1875,116.85,0.958,1,32.31,33.86
60.55,running,116.1250,118.12,0.784,1,32.31,34.08
61.57,running,117.6875,119.44,0.795,0,32.31,34.08
62.56,running,119.1250,120.70,0.738,1,32.31,34.50
63.56,running,120.3125,121.99,0.903,1,32.25,33.87
64.56,running,122.2500,123.27,0.703,1,32.25,34.07
65.56,running,123.5625,124.56,0.733,0,32.25,33.87
66.56,running,124.6875,125.82,0.719,1,32.31,33.87
67.57,running,125.5625,127.00,0.922,1,32.25,33.65
68.59,running,126.5625,128.18,1.000,1,32.25,33.44
69.55,running,127.7500,129.29,1.000,0,32.25,33.87
70.56,running,129.0625,130.47,0.961,1,32.25,33.87
71.56,running,130.0000,131.63,1.000,1,32.25,34.29
72.55,running,131.0625,132.78,1.000,1,32.25,33.65
73.55,running,132.1250,133.94,1.000,1,32.19,33.65
74.56,running,133.2500,135.11,1.000,1,32.25,34.08
75.57,running,134.5000,136.27,1.000,1,32.25,34.29
76.56,running,135.6875,137.43,1.000,1,32.19,34.07
77.56,running,137.2500,138.59,0.957,1,32.25,33.87
78.56,running,138.8125,139.76,0.831,1,32.19,34.08
79.57,running,139.9375,140.92,0.902,1,32.19,33.65
80.55,running,141.2500,142.01,0.795,1,32.25,33.87
81.55,running,142.8750,143.06,0.664,1,32.19,34.08
82.58,running,144.2500,144.14,0.606,1,32.25,33.86
83.56,running,145.4375,145.17,0.587,1,32.25,33.86
84.55,running,146.7500,146.21,0.527,1,32.25,33.87
85.55,running,147.9375,147.26,0.550,1,32.25,33.87
86.56,running,149.2500,148.32,0.479,0,32.25,33.87
87.55,running,150.2500,149.36,0.531,1,32.25,33.87
88.68,running,151.8125,150.21,0.000,0,32.25,34.29
89.55,running,152.5000,150.55,0.000,0,32.25,34.50
90.55,running,153.3125,150.95,0.000,0,32.25,34.07
91.56,running,154.0000,151.36,0.000,0,32.25,34.29
92.56,running,154.6250,151.76,0.000,0,32.31,34.08
93.56,running,154.9375,152.16,0.000,0,32.31,33.65
94.55,running,155.1875,152.55,0.075,0,32.31,34.07
95.55,running,155.3750,152.95,0.187,0,32.31,34.29
96.56,running,155.4375,153.36,0.289,0,32.31,33.65
97.56,running,155.6250,153.76,0.352,0,32.38,33.86
98.58,running,155.6875,154.16,0.435,0,32.38,34.29
99.55,running,155.6250,154.55,0.556,1,32.38,33.87
100.56,running,155.6250,154.96,0.674,1,32.38,33.66
101.56,running,155.6875,155.36,0.748,0,32.38,33.87
102.55,running,155.8125,155.75,0.774,0,32.38,33.65
103.58,running,155.9375,156.17,0.829,1,32.38,34.08
104.55,running,156.0000,156.55,0.898,1,32.44,33.87
105.56,running,156.1875,156.96,0.945,1,32.44,34.29
106.56,running,156.4375,157.35,0.956,1,32.44,33.65
107.55,running,156.6875,157.75,0.964,1,32.44,34.08
108.55,running,157.1250,158.15,0.919,1,32.44,33.86
109.56,running,157.6250,158.56,0.846,1,32.50,33.65
110.56,running,158.3750,158.96,0.727,1,32.50,34.50
111.60,running,159.0000,159.37,0.644,1,32.50,34.71
112.58,running,159.6875,159.76,0.567,1,32.50,34.51
113.61,running,160.3750,160.18,0.490,1,32.50,34.08
114.55,running,161.1250,160.55,0.381,0,32.50,34.08
115.56,running,161.8750,160.96,0.296,0,32.56,33.87
116.55,running,162.3750,161.35,0.297,1,32.63,33.44
117.58,running,163.0625,161.76,0.291,0,32.63,33.65
118.55,running,163.5000,162.15,0.288,0,32.63,34.08
119.56,running,163.6875,162.56,0.409,0,32.63,33.65
120.60,running,164.0000,162.97,0.455,1,32.69,33.87
121.56,running,164.2500,163.36,0.515,1,32.69,33.86
122.56,running,164.5000,163.76,0.546,0,32.75,34.29
123.56,running,164.8125,164.16,0.562,0,32.75,34.08
124.58,running,165.0625,164.56,0.610,1,32.81,33.65
125.56,running,165.1875,164.96,0.690,1,32.81,33.44
126.55,running,165.3750,165.35,0.746,1,32.81,34.08
127.56,running,165.7500,165.76,0.733,0,32.81,34.08
128.55,running,166.0625,166.15,0.723,1,32.88,34.08
129.55,running,166.2500,166.55,0.792,1,32.88,34.07
130.55,running,166.6250,166.95,0.781,1,32.94,33.87
131.56,running,167.0000,167.36,0.779,0,32.88,33.86
132.56,running,167.5625,167.75,0.689,1,32.94,34.29
133.56,running,167.9375,168.16,0.687,1,33.00,33.86
134.55,running,168.3125,168.55,0.703,1,33.00,34.29
135.55,running,168.8125,168.95,0.695,0,33.00,33.86
136.57,running,169.3125,169.36,0.636,1,33.00,34.29
137.59,running,169.6875,169.77,0.647,1,33.00,33.65
138.59,running,170.3125,170.17,0.611,1,33.06,33.66
139.60,running,170.8750,170.57,0.544,0,33.13,33.87
140.57,running,171.3125,170.96,0.532,1,33.06,34.08
141.59,running,171.6875,171.37,0.582,1,33.06,34.29
142.56,running,172.1875,171.76,0.566,1,33.13,33.44
143.56,running,172.6875,172.16,0.534,0,33.19,34.50
144.56,running,173.1250,172.56,0.513,0,33.19,33.86
145.56,running,173.4375,172.96,0.604,1,33.25,34.29
146.56,running,173.8750,173.36,0.597,1,33.25,34.29
147.56,running,174.2500,173.76,0.591,0,33.25,33.87
148.55,running,174.6250,174.15,0.579,0,33.31,33.65
149.58,running,174.8750,174.57,0.633,1,33.31,33.86
150.56,running,175.2500,174.96,0.635,1,33.38,33.87
151.56,running,175.6250,175.36,0.643,0,33.38,33.44
152.56,running,176.0000,175.76,0.641,0,33.44,33.65
153.56,running,176.1875,176.16,0.722,1,33.44,33.44
154.55,running,176.5000,176.55,0.752,1,33.50,34.08
155.56,running,176.8750,176.96,0.782,1,33.50,33.86
156.55,running,177.3750,177.35,0.688,0,33.50,34.08
157.56,running,177.6250,177.76,0.751,1,33.50,34.08
158.55,running,177.8750,178.15,0.789,1,33.56,34.08
159.57,running,178.3125,178.56,0.804,1,33.63,34.07
160.57,running,179.0000,178.96,0.732,0,33.69,34.50
161.56,running,179.3750,179.36,0.647,1,33.69,34.08
162.62,running,179.6875,179.78,0.713,1,33.75,34.08
163.58,running,180.0625,180.31,1.000,1,33.75,34.08
164.62,running,180.5000,181.09,1.000,0,33.75,33.23
165.57,running,180.9375,181.81,1.000,1,33.81,34.07
166.56,running,181.3750,182.56,1.000,1,33.81,34.09
167.57,running,181.7500,183.32,1.000,1,33.81,34.08
168.56,running,182.1875,184.07,1.000,1,33.81,33.43
169.56,running,182.8125,184.82,1.000,1,33.88,33.65
170.56,running,183.3750,185.57,1.000,1,33.88,33.65
171.56,running,184.3125,186.33,1.000,1,33.94,34.08
172.55,running,185.0625,187.08,1.000,1,34.00,33.66
173.56,running,185.8125,187.84,1.000,1,34.06,34.08
174.56,running,186.6250,188.59,1.000,1,34.06,34.29
175.56,running,187.8750,189.34,1.000,1,34.13,34.29
176.56,running,188.6875,190.10,1.000,1,34.13,33.87
177.56,running,189.6250,190.85,1.000,1,34.19,34.29
178.56,running,190.4375,191.61,1.000,1,34.19,34.71
179.55,running,191.3125,192.35,1.000,1,34.25,34.08
180.57,running,192.2500,193.12,1.000,1,34.25,33.66
181.55,running,193.1250,193.86,1.000,1,34.31,33.86
182.56,running,194.1875,194.62,0.918,1,34.31,34.29
183.57,running,195.2500,195.38,0.832,1,34.44,33.87
184.55,running,196.0625,196.12,0.833,1,34.38,34.71
185.56,running,196.9375,196.88,0.861,1,34.44,33.87
186.56,running,197.8750,197.64,0.830,1,34.44,33.65
187.57,running,198.8750,198.40,0.753,1,34.56,33.87
188.60,running,200.2500,199.18,0.550,1,34.63,34.08
189.61,running,200.9375,199.94,0.649,0,34.56,34.08
190.58,running,201.6250,200.67,0.700,1,34.63,33.65
191.60,running,202.1875,201.44,0.840,1,34.69,34.07
192.55,running,202.7500,202.16,0.892,1,34.75,34.50
193.57,running,203.5625,202.92,0.867,0,34.75,33.87
194.56,running,204.0625,203.59,0.848,1,34.81,34.50
195.55,running,204.4375,204.24,0.989,1,34.81,34.08
196.56,running,204.9375,204.91,1.000,1,34.88,34.08
197.57,running,205.5000,205.57,1.000,1,34.88,34.50
198.56,running,206.1250,206.23,1.000,1,34.94,33.86
199.56,running,207.0000,206.89,0.916,1,35.00,34.08
200.56,running,207.6875,207.54,0.884,1,35.00,34.08
201.56,running,208.4375,208.20,0.845,1,35.06,33.87
202.56,running,209.1875,208.86,0.846,1,35.13,33.87
203.56,running,210.3125,209.52,0.666,1,35.13,33.87
204.56,running,211.1250,210.18,0.623,1,35.19,33.65
205.55,running,211.9375,210.84,0.581,1,35.25,33.87
206.55,running,212.6250,211.50,0.647,1,35.25,33.86
207.57,running,213.4375,212.17,0.581,1,35.31,33.87
208.56,running,214.2500,212.82,0.545,1,35.38,33.65
209.57,running,215.2500,213.49,0.410,1,35.44,34.08
210.60,running,215.9375,214.17,0.513,0,35.44,34.07
211.59,running,216.0625,214.82,0.736,1,35.56,33.66
212.56,running,216.8125,215.46,0.708,1,35.56,33.86
213.56,running,217.3125,216.12,0.772,0,35.63,34.29
214.56,running,217.8125,216.78,0.744,0,35.69,33.87
215.55,running,218.4375,217.43,0.775,1,35.69,34.71
216.57,running,218.3125,218.10,1.000,1,35.75,33.86
217.56,running,218.6875,218.72,1.000,1,35.81,34.08
218.55,running,219.0000,219.29,1.000,1,35.81,34.07
219.56,running,219.6875,219.88,1.000,1,35.88,33.65
220.58,running,220.2500,220.46,0.998,1,35.94,34.29
221.56,running,220.8750,221.02,0.951,1,36.00,34.08
222.56,running,221.5000,221.60,0.953,1,36.06,34.29
223.55,running,222.0625,222.16,0.955,1,36.06,33.87
224.57,running,222.7500,222.75,0.899,1,36.19,34.07
225.55,running,223.5625,223.31,0.842,1,36.19,34.07
226.55,running,224.1875,223.89,0.857,1,36.25,33.86
227.56,running,224.9375,224.47,0.774,1,36.31,34.08
228.55,running,225.5000,225.04,0.817,1,36.31,34.50
229.55,running,226.1875,225.61,0.782,1,36.38,34.51
230.56,running,226.8125,226.19,0.776,1,36.38,34.08
231.59,running,227.6250,226.78,0.706,1,36.44,34.29
232.58,running,228.1250,227.35,0.784,1,36.50,34.07
233.60,running,228.5000,227.93,0.887,1,36.56,33.87
234.59,running,229.2500,228.51,0.800,0,36.56,33.65
235.63,running,229.7500,229.10,0.815,1,36.69,34.08
236.64,running,230.0625,229.68,0.907,1,36.75,34.08
237.56,running,230.3750,230.21,1.000,1,36.81,34.29
238.56,running,230.8125,230.78,1.000,1,36.81,33.87
239.56,running,231.3125,231.35,1.000,1,36.88,34.29
240.56,running,231.8750,231.93,1.000,1,36.94,34.29
241.56,running,232.4375,232.50,0.987,1,37.00,34.08
242.55,running,232.9375,233.07,1.000,1,37.00,34.08
243.55,running,233.5625,233.65,0.986,1,37.06,33.87
244.57,running,234.0625,234.23,1.000,1,37.06,34.29
245.56,running,234.8125,234.80,0.946,1,37.19,33.87
246.56,running,235.4375,235.38,0.916,1,37.19,34.50
247.57,running,236.1875,235.96,0.893,1,37.31,34.72
248.55,running,236.6875,236.50,0.865,1,37.31,33.86
249.57,running,237.3750,237.02,0.826,1,37.38,33.87
250.56,running,238.0000,237.53,0.818,1,37.44,34.29
251.55,running,238.5625,238.03,0.795,1,37.50,33.86
252.58,running,239.5625,238.56,0.635,1,37.56,34.08
253.56,running,240.1250,239.06,0.638,1,37.56,34.08
254.56,running,240.8125,239.57,0.613,1,37.63,34.50
255.56,running,241.3750,240.08,0.637,0,37.69,34.08
256.55,running,242.0000,240.59,0.596,1,37.75,34.29
257.57,running,242.1875,241.11,0.727,1,37.75,33.65
258.57,running,242.5625,241.62,0.787,1,37.81,34.08
259.59,running,242.9375,242.15,0.873,0,37.88,34.08
260.65,running,243.2500,242.69,0.923,1,37.94,34.29
261.55,running,243.3750,243.15,1.000,1,38.00,33.66
262.55,running,243.6875,243.66,1.000,1,38.06,33.87
263.57,running,243.9375,244.18,1.000,1,38.13,34.08
264.56,running,244.3125,244.69,0.000,0,38.13,34.08
265.56,running,244.6250,244.70,0.000,0,38.25,34.29
266.55,running,244.6875,243.93,0.000,0,38.31,34.50
267.56,running,244.5000,243.16,0.000,0,38.38,34.08
268.56,running,244.1875,242.39,0.000,0,38.44,34.29
269.56,running,243.8125,241.62,0.000,0,38.50,34.08
270.56,running,243.2500,240.85,0.000,0,38.56,34.72
271.55,running,242.5625,240.08,0.000,0,38.56,33.87
272.56,running,242.0625,239.31,0.000,0,38.63,33.87
273.56,running,241.5625,238.54,0.000,0,38.75,34.08
274.57,running,240.9375,237.76,0.000,0,38.81,34.29
275.56,running,240.3125,236.99,0.000,0,38.81,34.29
276.55,running,239.5000,236.23,0.000,0,38.88,34.29
277.56,running,238.8750,235.45,0.000,0,38.94,34.29
278.56,running,238.1875,234.68,0.000,0,39.00,34.08
279.56,running,237.5000,233.92,0.000,0,39.06,33.86
280.55,running,236.7500,233.15,0.000,0,39.06,34.29
281.56,running,236.1875,232.37,0.000,0,39.19,33.87
282.56,running,235.2500,231.60,0.000,0,39.25,34.29
283.56,running,234.5625,230.83,0.000,0,39.31,34.29
284.57,running,233.8125,230.06,0.000,0,39.38,34.29
285.61,running,233.1250,229.25,0.000,0,39.44,34.29
286.63,running,232.0000,228.46,0.000,0,39.50,34.29
287.65,running,231.2500,227.68,0.000,0,39.50,34.08
288.57,running,230.7500,226.97,0.000,0,39.50,34.08
289.57,running,229.8125,226.20,0.000,0,39.63,34.29
290.58,running,229.1250,225.42,0.000,0,39.63,33.87
291.55,running,228.0625,224.74,0.000,0,39.63,33.86
292.56,running,227.5000,224.07,0.000,0,39.75,34.93
293.55,running,226.6875,223.41,0.000,0,39.75,34.08
294.56,running,226.0000,222.74,0.000,0,39.81,34.50
295.56,running,225.2500,222.07,0.000,0,39.88,34.29
296.56,running,224.4375,221.40,0.000,0,39.94,34.29
297.56,running,223.6250,220.74,0.000,0,39.94,34.08
298.56,running,222.9375,220.07,0.000,0,40.00,34.29
299.56,running,222.1875,219.40,0.000,0,40.00,33.87
300.56,running,221.6250,218.74,0.000,0,40.13,34.29
301.55,running,220.9375,218.08,0.000,0,40.19,34.08
302.56,running,220.0625,217.41,0.000,0,40.19,34.08
303.56,running,219.3750,216.74,0.000,0,40.25,34.72
304.57,running,218.7500,216.07,0.000,0,40.31,34.08
305.57,running,218.0625,215.40,0.000,0,40.38,34.29
306.61,running,217.0625,214.71,0.000,0,40.44,33.87
307.58,running,216.3125,214.06,0.000,0,40.44,34.50
308.59,running,215.8125,213.38,0.000,0,40.56,34.29
309.65,running,215.1875,212.68,0.000,0,40.63,34.29
310.56,running,214.5000,212.07,0.000,0,40.63,34.51
311.56,running,213.6875,211.49,0.000,0,40.69,34.72
312.55,running,213.0000,210.92,0.000,0,40.69,34.08
313.56,running,212.3750,210.34,0.000,0,40.75,34.08
314.56,running,211.8125,209.77,0.000,0,40.81,34.29
315.56,running,211.1250,209.20,0.000,0,40.81,34.29
316.56,running,210.4375,208.63,0.000,0,40.88,34.50
317.56,running,209.7500,208.06,0.000,0,40.88,34.29
318.56,running,209.1875,207.49,0.000,0,40.94,34.50
319.56,running,208.5625,206.91,0.000,0,40.94,34.29
320.56,running,207.8750,206.34,0.000,0,40.94,33.87
321.56,running,207.1875,205.77,0.000,0,41.06,34.08
322.55,running,206.6250,205.20,0.000,0,41.06,33.86
323.56,running,205.9375,204.63,0.000,0,41.06,34.29
324.55,running,205.4375,204.06,0.000,0,41.19,34.08
325.55,running,204.8750,203.48,0.000,0,41.19,34.07
326.57,running,204.3125,202.91,0.000,0,41.25,34.29
327.56,running,203.5625,202.34,0.000,0,41.25,33.87
328.56,running,202.9375,201.76,0.000,0,41.31,34.29
329.63,running,202.2500,201.15,0.000,0,41.31,34.08
330.60,running,201.6250,200.60,0.000,0,41.38,34.08
331.55,running,201.1250,200.05,0.000,0,41.44,34.51
332.57,running,200.5000,199.50,0.000,0,41.44,33.65
333.56,running,200.0000,199.01,0.000,0,41.44,34.72
334.56,running,199.5000,198.52,0.000,0,41.50,34.29
335.55,running,199.0000,198.03,0.000,0,41.56,33.65
336.55,running,198.3125,197.54,0.000,0,41.63,34.29
337.57,running,197.7500,197.04,0.000,0,41.56,34.08
338.56,running,197.1875,196.55,0.000,0,41.63,33.87
339.55,running,196.6875,196.06,0.000,0,41.63,34.29
340.56,running,196.2500,195.56,0.000,0,41.69,33.87
341.57,running,195.5625,195.07,0.000,0,41.69,34.08
342.56,running,195.1250,194.58,0.000,0,41.75,34.29
343.55,running,194.5625,194.09,0.000,0,41.75,34.29
344.55,running,194.0625,193.60,0.000,0,41.75,34.08
345.56,running,193.6250,193.10,0.000,0,41.81,33.86
346.56,running,192.9375,192.61,0.000,0,41.81,34.50
347.67,running,192.3125,192.07,0.000,0,41.88,34.72
348.57,running,191.8125,191.62,0.000,0,41.88,34.71
349.63,running,191.3125,191.10,0.000,0,41.88,34.50
350.60,running,190.6875,190.62,0.000,0,41.88,34.51
351.56,running,190.1875,190.15,0.000,0,41.88,34.50
352.56,running,189.6875,189.66,0.000,0,41.94,34.29
353.55,running,189.1875,189.17,0.000,0,41.94,34.29
354.56,running,188.8125,188.67,0.000,0,42.00,34.08
355.57,running,188.3125,188.17,0.000,0,42.00,34.50
356.55,running,187.7500,187.69,0.000,0,42.06,34.50
357.55,running,187.3125,187.20,0.000,0,42.06,33.43
358.55,running,186.8750,186.70,0.000,0,42.13,34.08
359.56,running,186.3750,186.24,0.000,0,42.13,33.86
360.57,running,185.8750,185.81,0.000,0,42.13,34.29
361.57,running,185.3125,185.39,0.000,0,42.13,34.50
362.55,running,184.8750,184.98,0.000,0,42.13,34.07
363.56,running,184.4375,184.56,0.000,0,42.19,34.72
364.56,running,183.9375,184.14,0.000,0,42.19,34.29
365.56,running,183.5625,183.72,0.000,0,42.19,34.08
366.55,running,183.0000,183.31,0.000,0,42.25,34.51
367.57,running,182.4375,182.88,0.000,0,42.25,34.08
368.55,running,182.0000,182.47,0.000,0,42.25,34.71
369.56,running,181.5000,182.05,0.000,0,42.31,34.71
370.56,running,181.0000,181.63,0.000,0,42.31,34.72
371.57,running,180.6250,181.21,0.000,0,42.31,34.29
372.55,running,180.1875,180.80,0.000,0,42.38,34.08
373.57,running,179.8125,180.37,0.000,0,42.38,34.29
374.56,running,179.3125,179.95,0.000,0,42.38,34.29
375.56,running,178.8125,179.54,0.000,0,42.38,34.08
376.56,running,178.4375,179.12,0.000,0,42.44,34.51
377.56,running,178.0000,178.70,0.000,0,42.44,34.93
378.56,running,177.5000,178.28,0.000,0,42.38,33.86
379.55,running,177.1250,177.86,0.000,0,42.38,34.51
380.56,running,176.5625,177.44,0.000,0,42.38,34.08
381.58,running,176.2500,177.01,0.000,0,42.44,34.71
382.59,running,175.9375,176.59,0.000,0,42.50,33.65
383.56,running,175.4375,176.19,0.000,0,42.44,34.08
384.56,running,175.0625,175.77,0.000,0,42.50,34.29
385.55,running,174.5625,175.35,0.000,0,42.50,34.72
386.56,running,174.1875,174.93,0.000,0,42.50,34.29
387.57,running,173.7500,174.55,0.000,0,42.50,34.29
388.56,running,173.3750,174.19,0.000,0,42.56,34.50
389.56,running,172.8125,173.82,0.239,0,42.56,34.29
390.56,running,172.4375,173.46,0.245,0,42.56,34.29
391.56,running,172.0000,173.10,0.468,0,42.56,34.50
392.56,running,171.6250,172.74,0.468,1,42.50,35.14
393.55,running,171.2500,172.38,0.475,1,42.50,34.93
394.56,running,170.9375,172.01,0.461,0,42.56,34.50
395.56,running,170.5000,171.65,0.475,0,42.56,34.08
396.57,running,170.1875,171.29,0.451,1,42.56,34.29
397.56,running,169.8750,170.93,0.449,1,42.56,34.71
398.56,running,169.6250,170.56,0.397,0,42.63,34.08
399.55,running,169.1875,170.20,0.437,0,42.56,34.07
400.56,running,168.8750,169.84,0.428,0,42.56,34.51
401.61,running,168.6875,169.46,0.355,1,42.56,34.29
402.59,running,168.4375,169.11,0.324,0,42.63,34.50
403.60,running,168.2500,168.74,0.275,0,42.63,33.65
404.56,running,167.8750,168.39,0.308,0,42.56,33.65
405.56,running,167.7500,168.03,0.235,1,42.63,34.08
406.55,running,167.5625,167.67,0.198,0,42.63,34.07
407.57,running,167.4375,167.30,0.108,0,42.63,34.29
408.55,running,167.2500,166.94,0.074,0,42.56,34.29
409.57,running,167.0000,166.57,0.053,0,42.63,34.51
410.55,running,166.8125,166.22,0.028,0,42.63,34.50
411.55,running,166.6875,165.86,0.000,0,42.63,34.50
412.56,running,166.4375,165.49,0.000,0,42.56,34.07
413.57,running,166.2500,165.12,0.000,0,42.56,34.50
414.56,running,166.1250,164.77,0.000,0,42.63,34.07
415.58,running,165.8750,164.40,0.000,0,42.63,34.07
416.57,running,165.6250,164.04,0.000,0,42.56,34.29
417.56,running,165.5000,163.68,0.000,0,42.63,34.71
418.56,running,165.3125,163.32,0.000,0,42.56,34.50
419.56,running,165.1250,162.95,0.000,0,42.63,34.50
420.55,running,164.9375,162.60,0.000,0,42.56,34.50
421.56,running,164.6875,162.24,0.000,0,42.56,34.07
422.56,running,164.4375,161.93,0.000,0,42.56,33.86
423.57,running,164.3125,161.61,0.000,0,42.56,34.07
424.61,running,164.1250,161.29,0.000,0,42.63,34.50
425.56,running,163.8750,161.00,0.000,0,42.63,34.93
426.56,running,163.6250,160.69,0.000,0,42.56,34.29
427.56,running,163.5000,160.38,0.000,0,42.56,33.23
428.56,running,163.1875,160.07,0.000,0,42.63,34.50
429.56,running,162.9375,159.75,0.000,0,42.56,34.72
430.56,running,162.6875,159.44,0.000,0,42.56,34.50
431.56,running,162.5000,159.13,0.000,0,42.56,33.86
432.55,running,162.2500,158.83,0.000,0,42.56,33.87
433.55,running,162.0000,158.52,0.000,0,42.56,34.50
434.56,running,161.8125,158.20,0.000,0,42.56,33.86
435.57,running,161.5000,157.89,0.000,0,42.50,34.29
436.55,running,161.3125,157.58,0.000,0,42.50,34.29
437.55,running,161.1250,157.27,0.000,0,42.56,34.29
438.56,running,160.8125,156.96,0.000,0,42.56,34.29
439.56,running,160.5000,156.65,0.000,0,42.50,33.87
440.56,running,160.2500,156.34,0.000,0,42.50,34.29
441.56,running,159.9375,156.03,0.000,0,42.44,34.08
442.55,running,159.7500,155.72,0.000,0,42.50,34.29
443.56,running,159.4375,155.41,0.000,0,42.44,34.29
444.55,running,159.1875,155.10,0.000,0,42.44,34.51
445.56,running,158.9375,154.79,0.000,0,42.44,34.50
446.59,running,158.6875,154.47,0.000,0,42.44,34.50
447.56,running,158.5000,154.17,0.000,0,42.44,33.86
448.56,running,158.2500,153.85,0.000,0,42.44,34.29
449.56,running,157.9375,153.54,0.000,0,42.44,34.50
450.57,running,157.5625,153.23,0.000,0,42.38,34.29
451.56,running,157.3125,152.92,0.000,0,42.38,34.29
452.58,running,157.0000,152.61,0.000,0,42.38,34.50
453.56,running,156.6875,152.30,0.000,0,42.38,34.08
454.55,running,156.4375,151.99,0.000,0,42.31,34.29
455.56,running,156.2500,151.68,0.000,0,42.38,34.07
456.57,running,156.0000,151.37,0.000,0,42.38,33.86
457.56,running,155.7500,151.06,0.000,0,42.38,34.50
458.56,running,155.3125,150.75,0.000,0,42.31,34.50
459.56,running,155.0625,150.44,0.000,0,42.31,34.50
460.57,running,154.8125,150.13,0.000,0,42.31,34.50
